<?xml version="1.0" encoding="UTF-8" standalone="yes"?>
<addon id="plugin.program.blackjohnnywizard" version="1.0.0" name="Blackjohnny Wizard" provider-name="Blackjohnny">
    <requires>
        <import addon="xbmc.python" version="2.26.0"/>
    </requires>
    <extension point="xbmc.python.plugin" library="default.py">
        <provides>executable</provides>
    </extension>
    <extension point="xbmc.addon.metadata">
        <summary>Wizard for installing Blackjohnny Kodi Builds</summary>
        <description>Greek Kodi Wizard that installs Blackjohnny Build and Max UI version</description>
        <platform>all</platform>
    </extension>
</addon>
